<odoo>
  <data>
    <!-- explicit list view definition -->

    <record model="ir.ui.view" id="students_info.list">
      <field name="name">StudentsMan list</field>
      <field name="model">students_info.students_info</field>
      <field name="arch" type="xml">
        <tree>
          <field name="name"/>
          <field name="value"/>
          <field name="value2"/>
        </tree>
      </field>
    </record>


    <!-- actions opening views on models -->

    <record model="ir.actions.act_window" id="students_info.action_window">
      <field name="name">StudentsMan window</field>
      <field name="res_model">students_info.students_info</field>
      <field name="view_mode">tree,form</field>
    </record>

    <!-- server action to the one above -->

    <record model="ir.actions.server" id="students_info.action_server">
      <field name="name">StudentsMan server</field>
      <field name="model_id" ref="model_students_info"/>
      <field name="state">code</field>
      <field name="code">
        action = {
          "type": "ir.actions.act_window",
          "view_mode": "tree,form",
          "res_model": model._name,
        }
      </field>
    </record>

    <!-- Top menu item -->

    <menuitem name="StudentsMan" id="students_info.menu_root"/>

    <!-- menu categories -->

    <menuitem name="Menu 1" id="students_info.menu_1" parent="students_info.menu_root"/>
    <menuitem name="Menu 2" id="students_info.menu_2" parent="students_info.menu_root"/>

    <!-- actions -->

    <menuitem name="List" id="students_info.menu_1_list" parent="students_info.menu_1"
              action="students_info.action_window"/>
    <menuitem name="Server to list" id="students_info" parent="students_info.menu_2"
              action="students_info.action_server"/>

  </data>
</odoo>
